ts,latency_s,decode_tps,ntok,prefill_tps
1786432041.1,4.89,26.54,128,338.5
1786432046.0,4.87,26.56,128,353.6
1786432050.8,4.87,26.55,128,353.3
1786432055.7,4.87,26.55,128,353.1
1786432060.6,4.87,26.55,128,353.2
1786432065.4,4.87,26.54,128,353.4
1786432070.3,4.87,26.55,128,353.6
1786432074.2,3.89,26.54,102,353.1
1786432078.0,3.77,26.60,99,353.4
1786432082.7,4.69,26.53,123,353.5
1786432085.8,3.13,26.64,82,353.2
1786432090.7,4.87,26.54,128,353.3
1786432094.9,4.27,26.55,112,353.3
1786432099.8,4.88,26.53,128,353.5
1786432104.7,4.88,26.53,128,352.6
1786432109.6,4.87,26.54,128,353.1
1786432114.4,4.87,26.54,128,352.8
1786432119.3,4.88,26.53,128,353.2
1786432124.2,4.87,26.54,128,353.0
1786432127.8,3.59,26.59,94,352.9
1786432131.9,4.15,26.56,109,353.3
1786432135.7,3.78,26.58,99,353.4
1786432140.6,4.87,26.54,128,353.1
1786432145.5,4.87,26.54,128,353.7
1786432148.9,3.44,26.59,90,352.6
1786432153.8,4.88,26.53,128,353.3
1786432158.7,4.88,26.53,128,352.8
1786432163.5,4.88,26.53,128,352.3
1786432168.4,4.88,26.54,128,353.4
1786432173.3,4.88,26.53,128,353.0
1786432177.4,4.08,26.56,107,352.8
1786432182.2,4.87,26.53,128,352.9
1786432187.1,4.87,26.53,128,353.2
1786432192.0,4.88,26.53,128,353.1
1786432196.9,4.87,26.55,128,353.6
1786432201.7,4.87,26.54,128,353.4
1786432205.9,4.15,26.57,109,353.3
1786432210.8,4.88,26.52,128,353.0
1786432215.6,4.88,26.53,128,353.0
1786432220.5,4.88,26.53,128,352.9
1786432225.4,4.88,26.53,128,352.4
1786432229.7,4.31,26.56,113,352.6
1786432234.6,4.88,26.53,128,353.0
1786432239.2,4.61,26.55,121,353.8
1786432243.2,3.96,26.58,104,353.4
1786432248.0,4.88,26.53,128,353.0
1786432252.0,3.93,26.57,103,353.2
1786432255.8,3.81,26.58,100,353.1
1786432259.8,4.00,26.56,105,352.7
1786432264.6,4.88,26.53,128,353.1
1786432269.5,4.87,26.54,128,353.3
1786432274.4,4.88,26.53,128,353.0
1786432279.3,4.87,26.54,128,353.2
1786432283.2,3.97,26.57,104,352.4
1786432288.1,4.88,26.52,128,351.7
1786432293.0,4.88,26.53,128,353.0
1786432297.9,4.88,26.53,128,353.1
1786432302.7,4.88,26.53,128,353.1
1786432307.6,4.87,26.54,128,353.7
1786432312.5,4.87,26.54,128,352.6
1786432317.4,4.88,26.53,128,353.4
1786432321.6,4.23,26.57,111,353.0
1786432326.5,4.88,26.53,128,353.4
1786432331.3,4.87,26.54,128,353.2
1786432336.2,4.87,26.54,128,353.1
1786432339.7,3.47,26.60,91,353.3
1786432344.6,4.88,26.52,128,353.4
1786432348.8,4.27,26.57,112,353.1
1786432353.7,4.87,26.54,128,353.7
1786432358.6,4.87,26.54,128,353.2
1786432363.5,4.87,26.54,128,353.6
1786432367.2,3.74,26.59,98,352.7
1786432372.1,4.87,26.53,128,353.2
1786432376.9,4.87,26.54,128,352.8
1786432381.8,4.88,26.53,128,351.9
1786432386.7,4.88,26.53,128,353.2
1786432391.6,4.87,26.54,128,353.0
1786432396.4,4.88,26.54,128,352.7
1786432401.3,4.88,26.53,128,353.0
1786432405.2,3.85,26.58,101,353.2
1786432410.1,4.87,26.54,128,353.3
1786432414.9,4.88,26.54,128,353.0
1786432419.8,4.88,26.53,128,352.7
1786432424.5,4.72,26.54,124,352.7
1786432429.4,4.88,26.53,128,352.6
1786432434.2,4.76,26.55,125,353.0
1786432439.0,4.87,26.54,128,353.5
1786432443.9,4.88,26.53,128,353.8
1786432447.2,3.32,26.62,87,353.5
1786432452.1,4.87,26.54,128,353.1
1786432457.0,4.88,26.53,128,353.2
1786432460.8,3.85,26.58,101,352.4
1786432465.7,4.88,26.53,128,353.1
1786432470.6,4.87,26.54,128,353.1
1786432475.5,4.87,26.54,128,352.8
1786432480.3,4.88,26.54,128,352.9
1786432485.2,4.88,26.52,128,353.3
1786432490.1,4.88,26.53,128,353.3
1786432495.0,4.88,26.54,128,353.0
1786432499.8,4.88,26.53,128,353.5
1786432503.1,3.24,26.62,85,352.1
1786432508.0,4.87,26.54,128,353.5
1786432512.8,4.84,26.53,127,353.4
1786432517.7,4.88,26.54,128,352.4
1786432522.5,4.87,26.54,128,353.5
1786432527.4,4.87,26.54,128,353.0
1786432532.3,4.87,26.54,128,353.0
1786432535.9,3.59,26.60,94,353.2
1786432540.7,4.84,26.54,127,353.9
1786432545.6,4.87,26.55,128,353.1
1786432550.5,4.87,26.54,128,353.1
1786432555.0,4.54,26.54,119,353.5
1786432559.7,4.72,26.53,124,353.3
1786432564.6,4.88,26.53,128,352.7
1786432569.5,4.88,26.54,128,353.3
1786432574.4,4.88,26.54,128,353.0
1786432578.6,4.27,26.55,112,353.1
1786432583.5,4.88,26.53,128,353.6
1786432587.2,3.70,26.59,97,352.6
1786432590.8,3.59,26.60,94,352.6
1786432595.7,4.88,26.53,128,352.7
1786432599.5,3.85,26.57,101,353.1
1786432604.4,4.88,26.53,128,353.0
1786432608.8,4.42,26.55,116,352.4
1786432613.7,4.88,26.53,128,352.3
1786432618.6,4.87,26.54,128,353.0
1786432621.7,3.09,26.62,81,353.6
1786432626.5,4.88,26.52,128,353.1
1786432631.4,4.88,26.53,128,353.2
1786432636.3,4.88,26.52,128,352.9
1786432641.2,4.88,26.53,128,353.4
1786432646.0,4.88,26.52,128,353.1
1786432650.9,4.88,26.53,128,353.1
1786432655.8,4.88,26.52,128,352.6
1786432659.4,3.59,26.58,94,352.9
1786432663.3,3.97,26.56,104,353.6
1786432668.2,4.88,26.53,128,353.2
1786432673.1,4.87,26.54,128,353.3
1786432678.0,4.88,26.52,128,352.9
1786432682.4,4.42,26.55,116,352.9
1786432686.9,4.54,26.53,119,353.0
1786432691.8,4.88,26.52,128,353.0
1786432696.7,4.88,26.52,128,350.3
1786432700.4,3.74,26.58,98,352.8
1786432705.3,4.88,26.51,128,353.3
1786432710.2,4.87,26.55,128,353.2
1786432715.1,4.88,26.53,128,353.0
1786432719.9,4.88,26.53,128,353.1
1786432724.8,4.87,26.54,128,352.6
1786432728.4,3.59,26.60,94,353.1
1786432733.3,4.88,26.53,128,353.5
1786432738.2,4.88,26.53,128,352.9
1786432743.0,4.88,26.53,128,353.1
1786432747.9,4.88,26.53,128,352.9
1786432751.3,3.36,26.59,88,353.1
1786432756.1,4.88,26.53,128,353.5
1786432761.0,4.88,26.52,128,353.0
1786432765.9,4.88,26.53,128,352.9
1786432770.8,4.88,26.51,128,352.7
1786432775.7,4.88,26.53,128,352.5
1786432780.5,4.88,26.52,128,353.3
1786432785.4,4.88,26.52,128,353.6
1786432789.4,4.01,26.56,105,352.8
1786432794.3,4.88,26.52,128,353.0
1786432798.1,3.81,26.57,100,353.0
1786432800.8,2.68,26.67,70,353.0
1786432805.1,4.27,26.54,112,352.9
1786432809.2,4.15,26.56,109,352.5
1786432813.6,4.42,26.54,116,352.9
1786432818.4,4.73,26.52,124,352.9
1786432823.2,4.88,26.52,128,352.6
1786432826.5,3.29,26.59,86,353.4
1786432830.9,4.34,26.55,114,353.4
1786432835.7,4.88,26.52,128,352.8
1786432840.6,4.88,26.52,128,352.4
1786432845.5,4.88,26.53,128,353.4
1786432850.4,4.88,26.53,128,353.0
1786432855.3,4.89,26.48,128,352.7
1786432860.1,4.88,26.53,128,353.4
1786432864.6,4.42,26.54,116,352.0
1786432869.4,4.88,26.52,128,353.2
1786432874.3,4.88,26.53,128,352.8
1786432879.2,4.88,26.52,128,352.8
1786432884.0,4.80,26.54,126,353.1
1786432888.9,4.88,26.54,128,353.1
1786432893.7,4.88,26.53,128,352.6
1786432898.6,4.87,26.55,128,353.5
1786432903.5,4.88,26.53,128,353.4
1786432908.4,4.88,26.52,128,353.3
1786432913.2,4.88,26.53,128,353.1
1786432918.1,4.88,26.54,128,352.6
1786432921.8,3.63,26.56,95,352.7
1786432926.6,4.88,26.52,128,352.7
1786432931.5,4.88,26.52,128,352.4
1786432934.9,3.36,26.59,88,352.7
1786432939.3,4.38,26.54,115,353.1
1786432944.1,4.88,26.53,128,352.8
1786432949.0,4.88,26.52,128,352.8
1786432953.9,4.88,26.52,128,353.7
1786432958.8,4.88,26.53,128,352.9
1786432962.6,3.82,26.56,100,352.2
1786432965.9,3.36,26.61,88,353.1
1786432970.8,4.88,26.53,128,352.8
1786432975.7,4.88,26.52,128,352.4
1786432980.0,4.35,26.55,114,352.7
1786432984.9,4.88,26.53,128,352.8
1786432989.8,4.88,26.53,128,353.8
1786432994.5,4.69,26.54,123,353.6
1786432999.4,4.88,26.52,128,353.2
1786433004.2,4.88,26.53,128,353.1
1786433008.8,4.53,26.54,119,352.9
1786433012.0,3.21,26.62,84,353.5
1786433016.9,4.88,26.52,128,353.3
1786433021.7,4.88,26.53,128,352.7
1786433026.6,4.88,26.52,128,353.3
1786433031.0,4.35,26.54,114,352.9
1786433035.8,4.88,26.53,128,352.8
1786433040.7,4.88,26.53,128,352.3
1786433044.6,3.89,26.57,102,353.1
1786433048.1,3.51,26.60,92,353.2
1786433053.0,4.87,26.54,128,353.2
1786433057.9,4.88,26.52,128,353.1
1786433061.8,3.97,26.57,104,352.9
1786433066.7,4.88,26.51,128,353.1
1786433071.6,4.88,26.53,128,353.1
1786433076.2,4.61,26.55,121,353.1
1786433081.1,4.88,26.53,128,353.0
1786433085.3,4.27,26.55,112,352.9
1786433090.2,4.87,26.54,128,353.4
1786433094.4,4.15,26.56,109,353.3
1786433099.2,4.88,26.53,128,352.8
1786433104.1,4.88,26.54,128,353.1
1786433109.0,4.88,26.54,128,353.5
1786433113.9,4.88,26.54,128,352.9
1786433118.7,4.84,26.53,127,353.2
1786433123.6,4.88,26.53,128,352.4
1786433128.5,4.87,26.54,128,352.9
1786433133.3,4.88,26.54,128,351.9
1786433138.2,4.88,26.53,128,353.1
1786433143.1,4.88,26.53,128,353.0
1786433147.4,4.35,26.55,114,353.1
1786433152.3,4.88,26.52,128,353.2
1786433157.2,4.87,26.54,128,353.1
1786433161.2,4.00,26.56,105,353.0
1786433166.1,4.88,26.53,128,353.2
1786433169.8,3.74,26.59,98,353.1
1786433174.7,4.88,26.53,128,353.1
1786433179.6,4.88,26.53,128,353.3
1786433182.9,3.36,26.60,88,352.4
1786433187.8,4.88,26.53,128,352.8
1786433192.7,4.88,26.53,128,352.7
1786433196.9,4.23,26.56,111,352.7
1786433201.8,4.87,26.54,128,352.9
1786433206.7,4.88,26.53,128,353.7
1786433211.5,4.87,26.55,128,353.1
1786433216.4,4.87,26.54,128,352.8
1786433221.3,4.88,26.53,128,352.8
1786433225.1,3.81,26.59,100,353.2
1786433230.0,4.87,26.54,128,353.5
1786433233.4,3.43,26.61,90,353.2
1786433238.3,4.87,26.54,128,353.7
1786433243.2,4.87,26.54,128,353.3
1786433248.0,4.88,26.53,128,353.0
1786433252.5,4.50,26.55,118,353.3
1786433257.4,4.87,26.54,128,353.0
1786433262.3,4.88,26.53,128,353.2
1786433267.2,4.88,26.52,128,353.3
1786433272.0,4.87,26.54,128,353.5
1786433276.9,4.88,26.53,128,352.8
1786433281.6,4.72,26.54,124,352.9
1786433286.5,4.87,26.54,128,352.2
1786433290.8,4.27,26.54,112,353.1
1786433295.7,4.88,26.53,128,353.0
1786433299.2,3.55,26.59,93,352.5
1786433304.1,4.88,26.52,128,352.6
1786433309.0,4.88,26.53,128,353.5
1786433312.5,3.59,26.59,94,353.4
1786433317.4,4.88,26.53,128,353.1
1786433322.3,4.87,26.54,128,353.1
1786433327.2,4.88,26.54,128,353.1
1786433332.0,4.88,26.53,128,353.0
1786433336.9,4.87,26.54,128,352.9
1786433341.8,4.87,26.54,128,353.0
1786433346.7,4.88,26.54,128,353.3
1786433351.5,4.88,26.54,128,352.6
1786433356.4,4.88,26.53,128,352.9
1786433361.3,4.88,26.53,128,352.2
1786433364.5,3.21,26.62,84,353.1
1786433369.2,4.69,26.52,123,352.9
1786433374.1,4.88,26.53,128,352.4
1786433378.9,4.88,26.53,128,352.8
1786433383.8,4.88,26.54,128,353.2
1786433387.5,3.63,26.58,95,353.1
1786433392.3,4.88,26.53,128,353.3
1786433397.2,4.88,26.53,128,352.6
1786433402.1,4.88,26.52,128,352.6
1786433406.7,4.61,26.54,121,351.9
1786433411.4,4.72,26.54,124,353.0
1786433416.3,4.88,26.53,128,352.9
1786433420.3,4.00,26.57,105,352.8
1786433425.2,4.88,26.53,128,352.8
1786433430.0,4.88,26.53,128,352.8
1786433434.9,4.88,26.54,128,353.0
1786433439.1,4.19,26.56,110,353.2
1786433444.0,4.88,26.51,128,352.5
1786433448.9,4.88,26.53,128,352.7
1786433453.7,4.88,26.53,128,351.7
1786433457.2,3.44,26.60,90,353.2
1786433462.1,4.88,26.53,128,353.2
1786433466.1,4.00,26.57,105,352.8
1786433470.0,3.93,26.55,103,352.8
1786433474.9,4.88,26.53,128,353.3
1786433478.7,3.85,26.57,101,352.7
1786433482.8,4.08,26.56,107,353.2
1786433487.7,4.88,26.54,128,352.7
1786433492.6,4.88,26.53,128,352.6
1786433496.3,3.70,26.58,97,352.5
1786433501.1,4.88,26.53,128,352.8
1786433506.0,4.88,26.53,128,353.5
1786433510.4,4.42,26.55,116,353.1
1786433513.7,3.28,26.61,86,353.2
1786433517.7,4.00,26.57,105,353.2
1786433522.6,4.88,26.52,128,353.1
1786433526.2,3.59,26.59,94,352.8
1786433531.1,4.88,26.53,128,352.8
1786433535.9,4.88,26.51,128,351.7
1786433540.7,4.72,26.53,124,353.0
1786433545.5,4.88,26.52,128,353.2
1786433550.4,4.88,26.53,128,352.9
1786433555.3,4.88,26.52,128,352.6
1786433560.2,4.88,26.51,128,353.2
1786433564.9,4.73,26.51,124,353.1
1786433569.3,4.42,26.54,116,352.3
1786433574.2,4.88,26.53,128,352.9
1786433579.1,4.88,26.53,128,353.4
1786433584.0,4.88,26.53,128,352.5
1786433588.8,4.88,26.53,128,352.9
1786433593.7,4.88,26.53,128,352.8
1786433598.6,4.88,26.53,128,353.2
1786433602.6,3.97,26.56,104,352.7
1786433607.0,4.46,26.54,117,353.3
1786433611.9,4.88,26.53,128,352.1
1786433616.7,4.84,26.53,127,353.5
1786433621.6,4.88,26.52,128,352.8
1786433626.5,4.88,26.53,128,352.9
1786433631.4,4.88,26.53,128,352.9
1786433636.2,4.88,26.52,128,352.9
1786433641.1,4.88,26.52,128,352.8
1786433645.4,4.24,26.53,111,352.6
1786433650.2,4.88,26.52,128,353.2
1786433655.1,4.88,26.53,128,353.5
1786433660.0,4.88,26.53,128,352.9
1786433664.5,4.53,26.55,119,353.5
1786433669.4,4.88,26.53,128,353.2
1786433674.3,4.88,26.53,128,352.4
1786433678.6,4.35,26.54,114,352.8
1786433683.5,4.88,26.52,128,352.5
1786433688.4,4.88,26.51,128,352.9
1786433693.3,4.88,26.54,128,352.3
1786433697.6,4.35,26.55,114,353.2
1786433701.5,3.85,26.57,101,352.1
1786433706.3,4.88,26.53,128,352.6
1786433709.5,3.17,26.63,83,352.3
1786433714.4,4.88,26.52,128,353.6
1786433719.3,4.87,26.54,128,353.3
1786433723.8,4.50,26.55,118,352.9
1786433728.6,4.88,26.53,128,352.9
1786433733.0,4.35,26.55,114,353.2
1786433736.7,3.75,26.53,98,352.4
1786433741.6,4.88,26.51,128,352.9
1786433746.5,4.88,26.53,128,352.4
1786433750.8,4.35,26.54,114,352.4
1786433755.7,4.88,26.52,128,353.2
1786433760.6,4.88,26.53,128,353.5
1786433765.0,4.42,26.54,116,352.9
1786433769.9,4.88,26.53,128,352.9
1786433774.8,4.88,26.53,128,352.8
1786433779.4,4.61,26.54,121,352.7
1786433784.3,4.88,26.53,128,353.4
1786433789.0,4.72,26.54,124,353.1
1786433793.9,4.88,26.52,128,352.6
1786433798.7,4.88,26.51,128,351.8
1786433803.2,4.46,26.54,117,352.3
1786433806.5,3.28,26.60,86,352.9
1786433811.4,4.88,26.51,128,352.7
1786433816.2,4.88,26.52,128,352.0
1786433821.1,4.88,26.53,128,353.1
1786433826.0,4.88,26.53,128,352.6
1786433830.3,4.31,26.55,113,353.0
1786433835.2,4.88,26.52,128,353.4
1786433840.1,4.88,26.53,128,352.9
